11/17/2018,BIXI Montreal | Export trips,
BIXI Montreal bike trips report,,
Member name: 1210 Drummond (account holder),,
Account number: 39XJEMMG-1,,
"Start date: April 14, 2018",,
"End date: November 15, 2018",,
Total number of trips: 297,,
Trip information,,Duration
Start: 11/15/2018 7:11:40,du President-Kennedy / Robert,1 min 56 s
PM,Bourassa,
End: 11/15/2018 7:13:36,McTavish / Sherbrooke,
PM,,
Start: 11/15/2018 6:45:02,de Maisonneuve / Mans eld (ouest),1 min 35 s
PM,,
End: 11/15/2018 6:46:37,du President-Kennedy / Robert Bourassa,
PM,,
Start: 11/14/2018 11:26:59,Drummond / de Maisonneuve,3 min 2 s
AM,,
End: 11/14/2018 11:30:01,McTavish / Sherbrooke,
AM,,
Start: 11/11/2018 12:47:16,Mackay / de Maisonneuve,1 min 59 s
PM,,
End: 11/11/2018 12:49:15,Drummond / de Maisonneuve,
PM,,
Start: 11/11/2018 12:14:47,Drummond / de Maisonneuve,5 min 44 s
PM,,
End: 11/11/2018 12:20:31,Chomedey / de Maisonneuve,
PM,,
https://secure.bixi.com/proﬁle/trips/39XJEMMG-1/print/preview?edTripsPrint%5BstartDate%5D=14/04/2018&edTripsPrint%5BendDate%5D=15/11/2018,,1/36
11/17/2018,BIXI Montreal | Export trips,
Trip information,,Duration
Start: 11/10/2018 10:50:54,de Maisonneuve / Robert-Bourassa,3 min 43 s
PM,,
End: 11/10/2018 10:54:37,Drummond / de Maisonneuve,
PM,,
Start: 11/10/2018 6:30:00,Drummond / de Maisonneuve,6 min 51 s
PM,,
End: 11/10/2018 6:36:51,University / Prince-Arthur,
PM,,
Start: 11/09/2018 11:08:57,Drummond / de Maisonneuve,2 min 58 s
AM,,
End: 11/09/2018 11:11:55,du President-Kennedy / Robert Bourassa,
AM,,
Start: 11/08/2018 7:58:50,Mackay / de Maisonneuve,3 min 22 s
PM,,
End: 11/08/2018 8:02:12,McTavish / Sherbrooke,
PM,,
Start: 11/08/2018 5:59:42,Drummond / de Maisonneuve,4 min 43 s
PM,,
End: 11/08/2018 6:04:25,St-Mathieu /Ste-Catherine,
PM,,
Start: 11/07/2018 6:10:28,Mackay / de Maisonneuve,5 min 37 s
PM,,
End: 11/07/2018 6:16:05,McTavish / Sherbrooke,
PM,,
Start: 11/07/2018 5:37:17,Bishop / Ste-Catherine,3 min 47 s
PM,,
End: 11/07/2018 5:41:04,St-Mathieu /Ste-Catherine,
PM,,
Start: 11/07/2018 4:54:09,du President-Kennedy / Robert,5 min 31 s
PM,Bourassa,
End: 11/07/2018 4:59:40,Bishop / Ste-Catherine,
PM,,
Start: 11/07/2018 4:49:07,University / Prince-Arthur,2 min 45 s
PM,,
https://secure.bixi.com/proﬁle/trips/39XJEMMG-1/print/preview?edTripsPrint%5BstartDate%5D=14/04/2018&edTripsPrint%5BendDate%5D=15/11/2018,,2/36
11/17/2018,BIXI Montreal | Export trips,
Trip information,,Duration
End: 11/07/2018 4:51:52,du President-Kennedy / Robert Bourassa,
PM,,
Start: 11/07/2018 3:31:51,Drummond / de Maisonneuve,8 min 16 s
PM,,
End: 11/07/2018 3:40:07,University / Prince-Arthur,
PM,,
Start: 11/06/2018 7:40:37,St-Mathieu /Ste-Catherine,3 min 54 s
PM,,
End: 11/06/2018 7:44:31,Drummond / de Maisonneuve,
PM,,
Start: 11/06/2018 6:07:46,Drummond / de Maisonneuve,3 min 39 s
PM,,
End: 11/06/2018 6:11:25,St-Mathieu /Ste-Catherine,
PM,,
Start: 11/06/2018 9:10:12,Drummond / de Maisonneuve,3 min 16 s
AM,,
End: 11/06/2018 9:13:28,du President-Kennedy / Robert Bourassa,
AM,,
Start: 11/06/2018 3:15:08,University / Prince-Arthur,4 min 27 s
AM,,
End: 11/06/2018 3:19:35,Drummond / de Maisonneuve,
AM,,
Start: 11/03/2018 8:40:20,Ste-Catherine / St-Marc,3 min 6 s
PM,,
End: 11/03/2018 8:43:26,Bishop / Ste-Catherine,
PM,,
Start: 11/03/2018 6:03:35,Drummond / de Maisonneuve,6 min 22 s
PM,,
End: 11/03/2018 6:09:57,Chomedey / de Maisonneuve,
PM,,
Start: 11/03/2018 12:04:21,Metcalfe / de Maisonneuve,1 min 41 s
AM,,
End: 11/03/2018 12:06:02,Drummond / de Maisonneuve,
AM,,
https://secure.bixi.com/proﬁle/trips/39XJEMMG-1/print/preview?edTripsPrint%5BstartDate%5D=14/04/2018&edTripsPrint%5BendDate%5D=15/11/2018,,3/36
11/17/2018,BIXI Montreal | Export trips,
Trip information,,Duration
Start: 11/01/2018 6:19:49,University / Prince-Arthur,9 min 5 s
PM,,
End: 11/01/2018 6:28:54,St-Mathieu /Ste-Catherine,
PM,,
Start: 11/01/2018 5:59:38,Métro Peel (de Maisonneuve / Stanley),6 min 0 s
PM,,
End: 11/01/2018 6:05:38,University / Prince-Arthur,
PM,,
Start: 10/31/2018 5:22:13,University / Prince-Arthur,2 min 42 s
PM,,
End: 10/31/2018 5:24:55,du President-Kennedy / Robert Bourassa,
PM,,
Start: 10/31/2018 6:00:08,University / Prince-Arthur,1 min 48 s
AM,,
End: 10/31/2018 6:01:56,du President-Kennedy / Robert Bourassa,
AM,,
Start: 10/30/2018 8:45:56,Drummond / Ste-Catherine,5 min 46 s
PM,,
End: 10/30/2018 8:51:42,du President-Kennedy / Robert Bourassa,
PM,,
Start: 10/30/2018 5:56:23,Metcalfe / de Maisonneuve,5 min 35 s
PM,,
End: 10/30/2018 6:01:58,St-Mathieu /Ste-Catherine,
PM,,
Start: 10/29/2018 11:25:56,du President-Kennedy / Robert,3 min 51 s
PM,Bourassa,
End: 10/29/2018 11:29:47,Drummond / Ste-Catherine,
PM,,
Start: 10/29/2018 3:45:02,Drummond / Ste-Catherine,3 min 20 s
PM,,
End: 10/29/2018 3:48:22,de Maisonneuve / Robert-Bourassa,
PM,,
Start: 10/28/2018 11:45:04,Métro Peel (de Maisonneuve / Stanley),1 min 58 s
PM,,
https://secure.bixi.com/proﬁle/trips/39XJEMMG-1/print/preview?edTripsPrint%5BstartDate%5D=14/04/2018&edTripsPrint%5BendDate%5D=15/11/2018,,4/36
11/17/2018,BIXI Montreal | Export trips,
Trip information,,Duration
End: 10/28/2018 11:47:02,Drummond / Ste-Catherine,
PM,,
Start: 10/28/2018 7:16:25,Drummond / Ste-Catherine,3 min 29 s
PM,,
End: 10/28/2018 7:19:54,McTavish / Sherbrooke,
PM,,
Start: 10/26/2018 12:24:56,Métro Peel (de Maisonneuve / Stanley),1 min 11 s
AM,,
End: 10/26/2018 12:26:07,Drummond / Ste-Catherine,
AM,,
Start: 10/25/2018 8:18:15,Mackay / de Maisonneuve,3 min 26 s
PM,,
End: 10/25/2018 8:21:41,Metcalfe / de Maisonneuve,
PM,,
Start: 10/25/2018 5:56:41,Drummond / Ste-Catherine,7 min 59 s
PM,,
End: 10/25/2018 6:04:40,Ste-Catherine / St-Marc,
PM,,
Start: 10/25/2018 2:34:40,University / Prince-Arthur,7 min 44 s
PM,,
End: 10/25/2018 2:42:24,Drummond / Ste-Catherine,
PM,,
Start: 10/24/2018 4:44:10,McTavish / Sherbrooke,11 min 32 s
PM,,
End: 10/24/2018 4:55:42,des Seigneurs / Notre-Dame,
PM,,
Start: 10/24/2018 4:36:09,Drummond / Ste-Catherine,4 min 4 s
PM,,
End: 10/24/2018 4:40:13,McTavish / Sherbrooke,
PM,,
Start: 10/23/2018 8:38:13,Drummond / Ste-Catherine,4 min 16 s
PM,,
End: 10/23/2018 8:42:29,du President-Kennedy / Robert Bourassa,
PM,,
https://secure.bixi.com/proﬁle/trips/39XJEMMG-1/print/preview?edTripsPrint%5BstartDate%5D=14/04/2018&edTripsPrint%5BendDate%5D=15/11/2018,,5/36
11/17/2018,BIXI Montreal | Export trips,
Trip information,,Duration
Start: 10/22/2018 4:20:30,Mans eld / Sherbrooke,16 min 30 s
PM,,
End: 10/22/2018 4:37:00,Drummond / de Maisonneuve,
PM,,
Start: 10/22/2018 11:26:37,Drummond / de Maisonneuve,5 min 47 s
AM,,
End: 10/22/2018 11:32:24,University / Prince-Arthur,
AM,,
Start: 10/21/2018 11:43:41,Métro Peel (de Maisonneuve / Stanley),1 min 21 s
PM,,
End: 10/21/2018 11:45:02,Drummond / Ste-Catherine,
PM,,
Start: 10/21/2018 4:01:02,Drummond / Ste-Catherine,3 min 15 s
PM,,
End: 10/21/2018 4:04:17,McTavish / Sherbrooke,
PM,,
Start: 10/20/2018 1:58:58,Drummond / Ste-Catherine,4 min 26 s
PM,,
End: 10/20/2018 2:03:24,McGill College / Ste-Catherine,
PM,,
Start: 10/18/2018 6:10:37,Drummond / Ste-Catherine,5 min 30 s
PM,,
End: 10/18/2018 6:16:07,St-Mathieu /Ste-Catherine,
PM,,
Start: 10/17/2018 11:55:57,Drummond / de Maisonneuve,0 min 56 s
PM,,
End: 10/17/2018 11:56:53,Drummond / Ste-Catherine,
PM,,
Start: 10/17/2018 12:28:43,University / Prince-Arthur,2 min 24 s
PM,,
End: 10/17/2018 12:31:07,du President-Kennedy / Robert Bourassa,
PM,,
Start: 10/17/2018 10:48:51,Drummond / Ste-Catherine,7 min 38 s
AM,,
https://secure.bixi.com/proﬁle/trips/39XJEMMG-1/print/preview?edTripsPrint%5BstartDate%5D=14/04/2018&edTripsPrint%5BendDate%5D=15/11/2018,,6/36
11/17/2018,BIXI Montreal | Export trips,
Trip information,,Duration
End: 10/17/2018 10:56:29,University / Prince-Arthur,
AM,,
Start: 10/16/2018 8:21:21,St-Mathieu /Ste-Catherine,3 min 13 s
PM,,
End: 10/16/2018 8:24:34,Drummond / Ste-Catherine,
PM,,
Start: 10/16/2018 12:43:04,du President-Kennedy / Robert,3 min 49 s
AM,Bourassa,
End: 10/16/2018 12:46:53,Drummond / Ste-Catherine,
AM,,
Start: 10/16/2018 12:34:14,University / Prince-Arthur,2 min 3 s
AM,,
End: 10/16/2018 12:36:17,du President-Kennedy / Robert Bourassa,
AM,,
Start: 10/15/2018 3:39:02,St-Alexandre / Ste-Catherine,2 min 54 s
PM,,
End: 10/15/2018 3:41:56,de Maisonneuve / Robert-Bourassa,
PM,,
Start: 10/15/2018 3:25:58,Milton / University,6 min 16 s
PM,,
End: 10/15/2018 3:32:14,Square Phillips,
PM,,
Start: 10/15/2018 2:36:05,Drummond / Ste-Catherine,6 min 26 s
PM,,
End: 10/15/2018 2:42:31,Milton / University,
PM,,
Start: 10/14/2018 5:24:38,McTavish / Sherbrooke,3 min 32 s
PM,,
End: 10/14/2018 5:28:10,Drummond / Ste-Catherine,
PM,,
Start: 10/14/2018 3:14:52,Bishop / Ste-Catherine,5 min 17 s
PM,,
End: 10/14/2018 3:20:09,Metcalfe / de Maisonneuve,
PM,,
https://secure.bixi.com/proﬁle/trips/39XJEMMG-1/print/preview?edTripsPrint%5BstartDate%5D=14/04/2018&edTripsPrint%5BendDate%5D=15/11/2018,,7/36
11/17/2018,BIXI Montreal | Export trips,
Trip information,,Duration
Start: 10/14/2018 9:59:25,Drummond / de Maisonneuve,1 min 41 s
AM,,
End: 10/14/2018 10:01:06,Drummond / Ste-Catherine,
AM,,
Start: 10/13/2018 2:36:26,Mackay / de Maisonneuve,3 min 39 s
PM,,
End: 10/13/2018 2:40:05,McTavish / Sherbrooke,
PM,,
Start: 10/13/2018 11:55:17,Drummond / Ste-Catherine,3 min 41 s
AM,,
End: 10/13/2018 11:58:58,McTavish / Sherbrooke,
AM,,
Start: 10/13/2018 12:30:17,du President-Kennedy / Robert,3 min 23 s
AM,Bourassa,
End: 10/13/2018 12:33:40,Drummond / Ste-Catherine,
AM,,
Start: 10/12/2018 6:02:19,Drummond / Ste-Catherine,3 min 50 s
PM,,
End: 10/12/2018 6:06:09,de Maisonneuve / Robert-Bourassa,
PM,,
Start: 10/11/2018 6:20:49,Drummond / Ste-Catherine,5 min 44 s
PM,,
End: 10/11/2018 6:26:33,St-Mathieu /Ste-Catherine,
PM,,
Start: 10/11/2018 3:54:41,McTavish / des Pins,5 min 47 s
PM,,
End: 10/11/2018 4:00:28,Drummond / Ste-Catherine,
PM,,
Start: 10/11/2018 10:30:09,Drummond / Ste-Catherine,3 min 59 s
AM,,
End: 10/11/2018 10:34:08,du Président-Kennedy / McGill College,
AM,,
Start: 10/11/2018 12:13:21,de Maisonneuve / Robert-Bourassa,3 min 10 s
AM,,
https://secure.bixi.com/proﬁle/trips/39XJEMMG-1/print/preview?edTripsPrint%5BstartDate%5D=14/04/2018&edTripsPrint%5BendDate%5D=15/11/2018,,8/36
11/17/2018,BIXI Montreal | Export trips,
Trip information,,Duration
End: 10/11/2018 12:16:31,Drummond / Ste-Catherine,
AM,,
Start: 10/10/2018 12:48:01,Drummond / Ste-Catherine,3 min 44 s
PM,,
End: 10/10/2018 12:51:45,de Maisonneuve / Robert-Bourassa,
PM,,
Start: 10/09/2018 11:01:46,de Maisonneuve/ Mans eld (est),3 min 4 s
PM,,
End: 10/09/2018 11:04:50,Drummond / Ste-Catherine,
PM,,
Start: 10/09/2018 8:20:05,St-Mathieu /Ste-Catherine,5 min 21 s
PM,,
End: 10/09/2018 8:25:26,McTavish / Sherbrooke,
PM,,
Start: 10/09/2018 6:07:40,Drummond / Ste-Catherine,6 min 14 s
PM,,
End: 10/09/2018 6:13:54,St-Mathieu /Ste-Catherine,
PM,,
Start: 10/06/2018 3:58:22,McTavish / Sherbrooke,4 min 42 s
PM,,
End: 10/06/2018 4:03:04,Drummond / Ste-Catherine,
PM,,
Start: 10/06/2018 10:18:45,Drummond / Ste-Catherine,3 min 17 s
AM,,
End: 10/06/2018 10:22:02,McTavish / Sherbrooke,
AM,,
Start: 10/04/2018 5:39:21,Drummond / Ste-Catherine,5 min 13 s
PM,,
End: 10/04/2018 5:44:34,McTavish / Sherbrooke,
PM,,
Start: 10/03/2018 3:57:46,du President-Kennedy / Robert,4 min 59 s
PM,Bourassa,
End: 10/03/2018 4:02:45,Drummond / Ste-Catherine,
PM,,
https://secure.bixi.com/proﬁle/trips/39XJEMMG-1/print/preview?edTripsPrint%5BstartDate%5D=14/04/2018&edTripsPrint%5BendDate%5D=15/11/2018,,9/36
11/17/2018,BIXI Montreal | Export trips,
Trip information,,Duration
Start: 10/03/2018 2:22:43,Prince-Arthur / du Parc,3 min 43 s
PM,,
End: 10/03/2018 2:26:26,Milton / University,
PM,,
Start: 10/03/2018 12:45:13,University / Prince-Arthur,1 min 46 s
PM,,
End: 10/03/2018 12:46:59,Prince-Arthur / du Parc,
PM,,
Start: 10/03/2018 11:33:20,Drummond / Ste-Catherine,6 min 44 s
AM,,
End: 10/03/2018 11:40:04,University / Prince-Arthur,
AM,,
Start: 10/02/2018 9:32:24,Metcalfe / de Maisonneuve,2 min 33 s
PM,,
End: 10/02/2018 9:34:57,Drummond / Ste-Catherine,
PM,,
Start: 10/02/2018 8:18:37,St-Mathieu /Ste-Catherine,7 min 16 s
PM,,
End: 10/02/2018 8:25:53,du President-Kennedy / Robert Bourassa,
PM,,
Start: 10/02/2018 6:10:00,Drummond / Ste-Catherine,4 min 53 s
PM,,
End: 10/02/2018 6:14:53,St-Mathieu /Ste-Catherine,
PM,,
Start: 10/02/2018 3:55:35,McTavish / des Pins,6 min 0 s
PM,,
End: 10/02/2018 4:01:35,Drummond / Ste-Catherine,
PM,,
Start: 10/02/2018 2:42:30,Hutchison / Prince-Arthur,4 min 57 s
PM,,
End: 10/02/2018 2:47:27,McTavish / des Pins,
PM,,
Start: 10/01/2018 5:28:20,Milton / University,9 min 12 s
PM,,
https://secure.bixi.com/proﬁle/trips/39XJEMMG-1/print/preview?edTripsPrint%5BstartDate%5D=14/04/2018&edTripsPrint%5BendDate%5D=15/11/2018,,10/36
11/17/2018,BIXI Montreal | Export trips,
Trip information,,Duration
End: 10/01/2018 5:37:32,St-Urbain / de la Gauchetière,
PM,,
Start: 10/01/2018 3:58:56,Drummond / Ste-Catherine,8 min 3 s
PM,,
End: 10/01/2018 4:06:59,University / Prince-Arthur,
PM,,
Start: 09/29/2018 1:39:46,McTavish / Sherbrooke,4 min 15 s
PM,,
End: 09/29/2018 1:44:01,Drummond / Ste-Catherine,
PM,,
Start: 09/29/2018 8:51:47,Drummond / Ste-Catherine,4 min 1 s
AM,,
End: 09/29/2018 8:55:48,McTavish / Sherbrooke,
AM,,
Start: 09/27/2018 8:15:11,St-Mathieu /Ste-Catherine,2 min 57 s
PM,,
End: 09/27/2018 8:18:08,Drummond / Ste-Catherine,
PM,,
Start: 09/27/2018 5:57:54,Drummond / Ste-Catherine,5 min 41 s
PM,,
End: 09/27/2018 6:03:35,St-Mathieu /Ste-Catherine,
PM,,
Start: 09/27/2018 4:02:56,McTavish / des Pins,6 min 47 s
PM,,
End: 09/27/2018 4:09:43,Drummond / Ste-Catherine,
PM,,
Start: 09/27/2018 8:45:10,Drummond / Ste-Catherine,-
AM,,
End: -,,
Start: 09/26/2018 4:51:47,Mackay / de Maisonneuve,2 min 20 s
PM,,
End: 09/26/2018 4:54:07,Drummond / Ste-Catherine,
PM,,
Start: 09/26/2018 4:37:55,Drummond / Ste-Catherine,3 min 45 s
PM,,
https://secure.bixi.com/proﬁle/trips/39XJEMMG-1/print/preview?edTripsPrint%5BstartDate%5D=14/04/2018&edTripsPrint%5BendDate%5D=15/11/2018,,11/36
11/17/2018,BIXI Montreal | Export trips,
Trip information,,Duration
End: 09/26/2018 4:41:40,Mackay / de Maisonneuve,
PM,,
Start: 09/26/2018 4:26:15,University / Prince-Arthur,6 min 45 s
PM,,
End: 09/26/2018 4:33:00,Drummond / Ste-Catherine,
PM,,
Start: 09/26/2018 12:25:32,Drummond / Ste-Catherine,6 min 46 s
PM,,
End: 09/26/2018 12:32:18,Milton / University,
PM,,
Start: 09/25/2018 11:41:45,Métro Peel (de Maisonneuve / Stanley),1 min 47 s
PM,,
End: 09/25/2018 11:43:32,Drummond / Ste-Catherine,
PM,,
Start: 09/25/2018 8:52:19,Drummond / Ste-Catherine,3 min 20 s
PM,,
End: 09/25/2018 8:55:39,McTavish / Sherbrooke,
PM,,
Start: 09/25/2018 8:22:17,St-Mathieu /Ste-Catherine,2 min 41 s
PM,,
End: 09/25/2018 8:24:58,Drummond / Ste-Catherine,
PM,,
Start: 09/25/2018 4:36:31,Drummond / Ste-Catherine,3 min 7 s
PM,,
End: 09/25/2018 4:39:38,Mackay / de Maisonneuve,
PM,,
Start: 09/24/2018 7:39:02,Mackay / de Maisonneuve,2 min 50 s
PM,,
End: 09/24/2018 7:41:52,Drummond / Ste-Catherine,
PM,,
Start: 09/24/2018 7:32:50,Drummond / Ste-Catherine,3 min 30 s
PM,,
End: 09/24/2018 7:36:20,Mackay / de Maisonneuve,
PM,,
https://secure.bixi.com/proﬁle/trips/39XJEMMG-1/print/preview?edTripsPrint%5BstartDate%5D=14/04/2018&edTripsPrint%5BendDate%5D=15/11/2018,,12/36
11/17/2018,BIXI Montreal | Export trips,
Trip information,,Duration
Start: 09/24/2018 3:33:35,du President-Kennedy / Robert,4 min 42 s
PM,Bourassa,
End: 09/24/2018 3:38:17,Drummond / Ste-Catherine,
PM,,
Start: 09/23/2018 12:47:51,Mackay / de Maisonneuve,2 min 2 s
PM,,
End: 09/23/2018 12:49:53,Drummond / Ste-Catherine,
PM,,
Start: 09/23/2018 12:39:05,Drummond / Ste-Catherine,2 min 36 s
PM,,
End: 09/23/2018 12:41:41,Mackay / de Maisonneuve,
PM,,
Start: 09/23/2018 2:32:39,Drummond / Ste-Catherine,5 min 26 s
AM,,
End: 09/23/2018 2:38:05,Ste-Catherine / Clark,
AM,,
Start: 09/22/2018 11:42:01,McGill College / Ste-Catherine,4 min 46 s
AM,,
End: 09/22/2018 11:46:47,Drummond / Ste-Catherine,
AM,,
Start: 09/21/2018 9:50:38,Union / du Président-Kennedy,5 min 44 s
PM,,
End: 09/21/2018 9:56:22,Drummond / Ste-Catherine,
PM,,
Start: 09/21/2018 6:06:26,Drummond / Ste-Catherine,7 min 33 s
PM,,
End: 09/21/2018 6:13:59,City Councillors / du President-Kennedy,
PM,,
Start: 09/20/2018 8:52:23,St-Mathieu /Ste-Catherine,4 min 1 s
PM,,
End: 09/20/2018 8:56:24,Drummond / Ste-Catherine,
PM,,
Start: 09/20/2018 5:42:02,Drummond / Ste-Catherine,3 min 39 s
PM,,
https://secure.bixi.com/proﬁle/trips/39XJEMMG-1/print/preview?edTripsPrint%5BstartDate%5D=14/04/2018&edTripsPrint%5BendDate%5D=15/11/2018,,13/36
11/17/2018,BIXI Montreal | Export trips,
Trip information,,Duration
End: 09/20/2018 5:45:41,Mackay / de Maisonneuve,
PM,,
Start: 09/20/2018 4:11:24,Milton / University,6 min 27 s
PM,,
End: 09/20/2018 4:17:51,Drummond / Ste-Catherine,
PM,,
Start: 09/19/2018 8:58:14,McTavish / Sherbrooke,4 min 34 s
PM,,
End: 09/19/2018 9:02:48,Drummond / Ste-Catherine,
PM,,
Start: 09/19/2018 8:19:03,Drummond / Ste-Catherine,2 min 56 s
PM,,
End: 09/19/2018 8:21:59,McTavish / Sherbrooke,
PM,,
Start: 09/19/2018 7:31:57,Métro Georges-Vanier (St-Antoine /,7 min 33 s
PM,Canning),
End: 09/19/2018 7:39:30,Drummond / Ste-Catherine,
PM,,
Start: 09/19/2018 5:12:43,Drummond / Ste-Catherine,5 min 40 s
PM,,
End: 09/19/2018 5:18:23,Métro Georges-Vanier (St-Antoine / Canning),
PM,,
Start: 09/19/2018 4:33:48,Milton / University,7 min 45 s
PM,,
End: 09/19/2018 4:41:33,Drummond / Ste-Catherine,
PM,,
Start: 09/19/2018 2:33:29,Drummond / Ste-Catherine,4 min 45 s
PM,,
End: 09/19/2018 2:38:14,du President-Kennedy / Robert Bourassa,
PM,,
Start: 09/18/2018 8:19:01,St-Mathieu /Ste-Catherine,3 min 36 s
PM,,
End: 09/18/2018 8:22:37,Drummond / Ste-Catherine,
PM,,
https://secure.bixi.com/proﬁle/trips/39XJEMMG-1/print/preview?edTripsPrint%5BstartDate%5D=14/04/2018&edTripsPrint%5BendDate%5D=15/11/2018,,14/36
11/17/2018,BIXI Montreal | Export trips,
Trip information,,Duration
Start: 09/18/2018 6:05:04,Drummond / Ste-Catherine,5 min 13 s
PM,,
End: 09/18/2018 6:10:17,St-Mathieu /Ste-Catherine,
PM,,
Start: 09/18/2018 12:24:59,Drummond / Ste-Catherine,9 min 29 s
PM,,
End: 09/18/2018 12:34:28,Milton / University,
PM,,
Start: 09/17/2018 4:09:50,Chomedey / de Maisonneuve,6 min 50 s
PM,,
End: 09/17/2018 4:16:40,Drummond / Ste-Catherine,
PM,,
Start: 09/17/2018 3:24:47,Mans eld / Sherbrooke,8 min 51 s
PM,,
End: 09/17/2018 3:33:38,Lincoln / Lambert Closse,
PM,,
Start: 09/17/2018 12:25:57,University / Prince-Arthur,2 min 9 s
PM,,
End: 09/17/2018 12:28:06,du President-Kennedy / Robert Bourassa,
PM,,
Start: 09/17/2018 11:34:34,Drummond / Ste-Catherine,8 min 12 s
AM,,
End: 09/17/2018 11:42:46,University / Prince-Arthur,
AM,,
Start: 09/14/2018 6:45:55,Drummond / Ste-Catherine,2 min 45 s
PM,,
End: 09/14/2018 6:48:40,Metcalfe / de Maisonneuve,
PM,,
Start: 09/14/2018 3:56:26,du President-Kennedy / Robert,5 min 13 s
PM,Bourassa,
End: 09/14/2018 4:01:39,Drummond / Ste-Catherine,
PM,,
Start: 09/14/2018 1:23:23,Milton / University,2 min 16 s
PM,,
https://secure.bixi.com/proﬁle/trips/39XJEMMG-1/print/preview?edTripsPrint%5BstartDate%5D=14/04/2018&edTripsPrint%5BendDate%5D=15/11/2018,,15/36
11/17/2018,BIXI Montreal | Export trips,
Trip information,,Duration
End: 09/14/2018 1:25:39,Hutchison / Sherbrooke,
PM,,
Start: 09/14/2018 11:41:34,Drummond / Ste-Catherine,7 min 58 s
AM,,
End: 09/14/2018 11:49:32,University / Prince-Arthur,
AM,,
Start: 09/13/2018 4:52:29,du President-Kennedy / Robert,6 min 20 s
PM,Bourassa,
End: 09/13/2018 4:58:49,Drummond / Ste-Catherine,
PM,,
Start: 09/13/2018 9:03:08,Métro Peel (de Maisonneuve / Stanley),5 min 25 s
AM,,
End: 09/13/2018 9:08:33,University / Prince-Arthur,
AM,,
Start: 09/12/2018 12:25:57,University / Prince-Arthur,4 min 42 s
PM,,
End: 09/12/2018 12:30:39,Union / du Président-Kennedy,
PM,,
Start: 09/11/2018 6:14:54,Hutchison / des Pins,10 min 46 s
PM,,
End: 09/11/2018 6:25:40,Drummond / Ste-Catherine,
PM,,
Start: 09/11/2018 11:15:21,Drummond / Ste-Catherine,7 min 5 s
AM,,
End: 09/11/2018 11:22:26,University / Prince-Arthur,
AM,,
Start: 09/09/2018 3:24:41,Drummond / de Maisonneuve,24 min 26 s
PM,,
End: 09/09/2018 3:49:07,Drummond / Ste-Catherine,
PM,,
Start: 09/07/2018 6:14:39,Drummond / Ste-Catherine,5 min 3 s
PM,,
End: 09/07/2018 6:19:42,McTavish / Sherbrooke,
PM,,
https://secure.bixi.com/proﬁle/trips/39XJEMMG-1/print/preview?edTripsPrint%5BstartDate%5D=14/04/2018&edTripsPrint%5BendDate%5D=15/11/2018,,16/36
11/17/2018,BIXI Montreal | Export trips,
Trip information,,Duration
Start: 09/07/2018 4:01:31,du President-Kennedy / Robert,4 min 47 s
PM,Bourassa,
End: 09/07/2018 4:06:18,Drummond / Ste-Catherine,
PM,,
Start: 09/07/2018 12:32:42,Drummond / Ste-Catherine,4 min 5 s
PM,,
End: 09/07/2018 12:36:47,de Maisonneuve / Robert-Bourassa,
PM,,
Start: 09/06/2018 8:52:11,McTavish / Sherbrooke,3 min 41 s
PM,,
End: 09/06/2018 8:55:52,Drummond / de Maisonneuve,
PM,,
Start: 09/06/2018 5:28:23,Drummond / Ste-Catherine,4 min 30 s
PM,,
End: 09/06/2018 5:32:53,McTavish / Sherbrooke,
PM,,
Start: 09/06/2018 4:14:53,University / Prince-Arthur,7 min 38 s
PM,,
End: 09/06/2018 4:22:31,Drummond / Ste-Catherine,
PM,,
Start: 09/06/2018 10:52:33,Drummond / Ste-Catherine,4 min 6 s
AM,,
End: 09/06/2018 10:56:39,de Maisonneuve / Robert-Bourassa,
AM,,
Start: 09/05/2018 5:25:47,Drummond / Ste-Catherine,4 min 46 s
PM,,
End: 09/05/2018 5:30:33,McTavish / Sherbrooke,
PM,,
Start: 09/05/2018 4:00:47,du President-Kennedy / Robert,5 min 32 s
PM,Bourassa,
End: 09/05/2018 4:06:19,Drummond / Ste-Catherine,
PM,,
Start: 09/04/2018 4:35:53,St-Mathieu /Ste-Catherine,9 min 8 s
PM,,
https://secure.bixi.com/proﬁle/trips/39XJEMMG-1/print/preview?edTripsPrint%5BstartDate%5D=14/04/2018&edTripsPrint%5BendDate%5D=15/11/2018,,17/36
11/17/2018,BIXI Montreal | Export trips,
Trip information,,Duration
End: 09/04/2018 4:45:01,Metcalfe / de Maisonneuve,
PM,,
Start: 09/04/2018 3:40:57,McTavish / des Pins,8 min 29 s
PM,,
End: 09/04/2018 3:49:26,Mackay / de Maisonneuve,
PM,,
Start: 09/04/2018 11:42:33,Mackay / de Maisonneuve,4 min 46 s
AM,,
End: 09/04/2018 11:47:19,Métro Peel (de Maisonneuve / Stanley),
AM,,
Start: 09/04/2018 11:20:15,Drummond / Ste-Catherine,5 min 5 s
AM,,
End: 09/04/2018 11:25:20,Mackay / de Maisonneuve,
AM,,
Start: 09/03/2018 6:42:25,Ste-Catherine / St-Marc,3 min 29 s
PM,,
End: 09/03/2018 6:45:54,Drummond / Ste-Catherine,
PM,,
Start: 09/03/2018 6:03:33,Drummond / Ste-Catherine,6 min 31 s
PM,,
End: 09/03/2018 6:10:04,Ste-Catherine / St-Marc,
PM,,
Start: 08/31/2018 9:50:00,Drummond / Ste-Catherine,7 min 37 s
PM,,
End: 08/31/2018 9:57:37,St-Mathieu / Sherbrooke,
PM,,
Start: 08/31/2018 1:17:14,Mackay / de Maisonneuve,2 min 41 s
PM,,
End: 08/31/2018 1:19:55,Drummond / Ste-Catherine,
PM,,
Start: 08/31/2018 12:45:01,Drummond / Ste-Catherine,3 min 20 s
PM,,
End: 08/31/2018 12:48:21,Mackay / de Maisonneuve,
PM,,
https://secure.bixi.com/proﬁle/trips/39XJEMMG-1/print/preview?edTripsPrint%5BstartDate%5D=14/04/2018&edTripsPrint%5BendDate%5D=15/11/2018,,18/36
11/17/2018,BIXI Montreal | Export trips,
Trip information,,Duration
Start: 08/30/2018 4:24:04,McTavish / Sherbrooke,28 min 42 s
PM,,
End: 08/30/2018 4:52:46,Drummond / Ste-Catherine,
PM,,
Start: 08/29/2018 8:30:17,Drummond / Ste-Catherine,13 min 44 s
PM,,
End: 08/29/2018 8:44:01,St-Antoine / St-François-Xavier,
PM,,
Start: 08/26/2018 9:17:48,Drummond / Ste-Catherine,10 min 28 s
AM,,
End: 08/26/2018 9:28:16,Métro Bonaventure (de la Gauchetière / Mans eld),
AM,,
Start: 08/26/2018 9:15:53,Drummond / Ste-Catherine,0 min 18 s
AM,,
End: 08/26/2018 9:16:11,Drummond / Ste-Catherine,
AM,,
Start: 08/26/2018 9:15:14,Drummond / Ste-Catherine,0 min 18 s
AM,,
End: 08/26/2018 9:15:32,Drummond / Ste-Catherine,
AM,,
Start: 08/26/2018 9:14:26,Drummond / Ste-Catherine,0 min 17 s
AM,,
End: 08/26/2018 9:14:43,Drummond / Ste-Catherine,
AM,,
Start: 08/26/2018 9:13:52,Drummond / Ste-Catherine,0 min 18 s
AM,,
End: 08/26/2018 9:14:10,Drummond / Ste-Catherine,
AM,,
Start: 08/26/2018 9:13:21,Drummond / Ste-Catherine,0 min 18 s
AM,,
End: 08/26/2018 9:13:39,Drummond / Ste-Catherine,
AM,,
Start: 07/26/2018 7:15:04,Mackay / de Maisonneuve,4 min 21 s
PM,,
https://secure.bixi.com/proﬁle/trips/39XJEMMG-1/print/preview?edTripsPrint%5BstartDate%5D=14/04/2018&edTripsPrint%5BendDate%5D=15/11/2018,,19/36
11/17/2018,BIXI Montreal | Export trips,
Trip information,,Duration
End: 07/26/2018 7:19:25,Drummond / Ste-Catherine,
PM,,
Start: 07/26/2018 6:18:56,Drummond / Ste-Catherine,3 min 32 s
PM,,
End: 07/26/2018 6:22:28,Mackay / de Maisonneuve,
PM,,
Start: 07/23/2018 9:08:23,de la Cathédrale / René-Lévesque,5 min 57 s
AM,,
End: 07/23/2018 9:14:20,St-Urbain / de la Gauchetière,
AM,,
Start: 07/19/2018 4:09:25,McGill College / Ste-Catherine,8 min 51 s
PM,,
End: 07/19/2018 4:18:16,St-Mathieu /Ste-Catherine,
PM,,
Start: 07/19/2018 3:18:21,Drummond / Ste-Catherine,4 min 7 s
PM,,
End: 07/19/2018 3:22:28,Square Phillips,
PM,,
Start: 07/17/2018 11:26:29,Chomedey / de Maisonneuve,7 min 48 s
AM,,
End: 07/17/2018 11:34:17,Drummond / Ste-Catherine,
AM,,
Start: 07/17/2018 9:42:14,Drummond / Ste-Catherine,5 min 4 s
AM,,
End: 07/17/2018 9:47:18,St-Mathieu /Ste-Catherine,
AM,,
Start: 07/16/2018 11:49:17,Bishop / Ste-Catherine,1 min 44 s
AM,,
End: 07/16/2018 11:51:01,Drummond / Ste-Catherine,
AM,,
Start: 07/16/2018 9:26:51,Drummond / Ste-Catherine,5 min 19 s
AM,,
End: 07/16/2018 9:32:10,St-Mathieu /Ste-Catherine,
AM,,
https://secure.bixi.com/proﬁle/trips/39XJEMMG-1/print/preview?edTripsPrint%5BstartDate%5D=14/04/2018&edTripsPrint%5BendDate%5D=15/11/2018,,20/36
11/17/2018,BIXI Montreal | Export trips,
Trip information,,Duration
Start: 07/13/2018 2:27:21,Drummond / Ste-Catherine,11 min 13 s
PM,,
End: 07/13/2018 2:38:34,St-Urbain / de la Gauchetière,
PM,,
Start: 07/12/2018 12:19:51,Mackay / de Maisonneuve,2 min 49 s
PM,,
End: 07/12/2018 12:22:40,Drummond / Ste-Catherine,
PM,,
Start: 07/12/2018 10:31:35,Drummond / Ste-Catherine,6 min 0 s
AM,,
End: 07/12/2018 10:37:35,St-Mathieu /Ste-Catherine,
AM,,
Start: 07/11/2018 4:51:37,St-Mathieu /Ste-Catherine,4 min 0 s
PM,,
End: 07/11/2018 4:55:37,Drummond / Ste-Catherine,
PM,,
Start: 07/11/2018 4:11:32,Drummond / Ste-Catherine,5 min 32 s
PM,,
End: 07/11/2018 4:17:04,St-Mathieu /Ste-Catherine,
PM,,
Start: 07/11/2018 11:54:09,Ste-Catherine / St-Marc,3 min 57 s
AM,,
End: 07/11/2018 11:58:06,Drummond / Ste-Catherine,
AM,,
Start: 07/11/2018 9:40:32,Drummond / Ste-Catherine,5 min 39 s
AM,,
End: 07/11/2018 9:46:11,St-Mathieu /Ste-Catherine,
AM,,
Start: 07/10/2018 6:54:13,Metcalfe / de Maisonneuve,3 min 51 s
PM,,
End: 07/10/2018 6:58:04,Drummond / de Maisonneuve,
PM,,
Start: 07/10/2018 5:31:18,Drummond / Ste-Catherine,4 min 57 s
PM,,
https://secure.bixi.com/proﬁle/trips/39XJEMMG-1/print/preview?edTripsPrint%5BstartDate%5D=14/04/2018&edTripsPrint%5BendDate%5D=15/11/2018,,21/36
11/17/2018,BIXI Montreal | Export trips,
Trip information,,Duration
End: 07/10/2018 5:36:15,McTavish / Sherbrooke,
PM,,
Start: 07/10/2018 12:04:23,St-Mathieu /Ste-Catherine,5 min 22 s
PM,,
End: 07/10/2018 12:09:45,Drummond / Ste-Catherine,
PM,,
Start: 07/10/2018 9:35:28,Drummond / Ste-Catherine,4 min 54 s
AM,,
End: 07/10/2018 9:40:22,St-Mathieu /Ste-Catherine,
AM,,
Start: 07/09/2018 6:03:04,Ste-Catherine / St-Marc,4 min 37 s
PM,,
End: 07/09/2018 6:07:41,Drummond / Ste-Catherine,
PM,,
Start: 07/09/2018 5:30:33,Drummond / Ste-Catherine,6 min 30 s
PM,,
End: 07/09/2018 5:37:03,Ste-Catherine / St-Marc,
PM,,
Start: 07/09/2018 11:50:58,St-Mathieu /Ste-Catherine,3 min 35 s
AM,,
End: 07/09/2018 11:54:33,Drummond / Ste-Catherine,
AM,,
Start: 07/09/2018 9:34:54,Drummond / de Maisonneuve,4 min 21 s
AM,,
End: 07/09/2018 9:39:15,St-Mathieu /Ste-Catherine,
AM,,
Start: 07/08/2018 4:52:06,Chomedey / de Maisonneuve,12 min 44 s
PM,,
End: 07/08/2018 5:04:50,Drummond / Ste-Catherine,
PM,,
Start: 07/08/2018 3:36:56,Drummond / de Maisonneuve,6 min 8 s
PM,,
End: 07/08/2018 3:43:04,Chomedey / de Maisonneuve,
PM,,
https://secure.bixi.com/proﬁle/trips/39XJEMMG-1/print/preview?edTripsPrint%5BstartDate%5D=14/04/2018&edTripsPrint%5BendDate%5D=15/11/2018,,22/36
11/17/2018,BIXI Montreal | Export trips,
Trip information,,Duration
Start: 07/07/2018 7:01:00,Métro Place-d'Armes (Viger / St-Urbain),11 min 53 s
PM,,
End: 07/07/2018 7:12:53,Drummond / Ste-Catherine,
PM,,
Start: 07/05/2018 12:32:14,Bishop / Ste-Catherine,1 min 42 s
PM,,
End: 07/05/2018 12:33:56,Drummond / Ste-Catherine,
PM,,
Start: 07/05/2018 9:33:03,Drummond / Ste-Catherine,4 min 52 s
AM,,
End: 07/05/2018 9:37:55,St-Mathieu /Ste-Catherine,
AM,,
Start: 07/04/2018 12:21:26,St-Alexandre / Ste-Catherine,7 min 42 s
PM,,
End: 07/04/2018 12:29:08,Drummond / Ste-Catherine,
PM,,
Start: 07/04/2018 12:02:46,Bishop / Ste-Catherine,7 min 3 s
PM,,
End: 07/04/2018 12:09:49,St-Alexandre / Ste-Catherine,
PM,,
Start: 07/04/2018 9:33:57,Drummond / Ste-Catherine,5 min 34 s
AM,,
End: 07/04/2018 9:39:31,St-Mathieu /Ste-Catherine,
AM,,
Start: 07/03/2018 12:06:57,St-Mathieu /Ste-Catherine,5 min 48 s
PM,,
End: 07/03/2018 12:12:45,Drummond / Ste-Catherine,
PM,,
Start: 07/03/2018 9:45:49,Drummond / Ste-Catherine,6 min 17 s
AM,,
End: 07/03/2018 9:52:06,St-Mathieu /Ste-Catherine,
AM,,
Start: 06/28/2018 12:13:12,Bishop / Ste-Catherine,2 min 0 s
PM,,
https://secure.bixi.com/proﬁle/trips/39XJEMMG-1/print/preview?edTripsPrint%5BstartDate%5D=14/04/2018&edTripsPrint%5BendDate%5D=15/11/2018,,23/36
11/17/2018,BIXI Montreal | Export trips,
Trip information,,Duration
End: 06/28/2018 12:15:12,Drummond / Ste-Catherine,
PM,,
Start: 06/28/2018 9:26:32,Drummond / Ste-Catherine,5 min 41 s
AM,,
End: 06/28/2018 9:32:13,St-Mathieu /Ste-Catherine,
AM,,
Start: 06/27/2018 12:03:10,Chomedey / de Maisonneuve,8 min 4 s
PM,,
End: 06/27/2018 12:11:14,Drummond / Ste-Catherine,
PM,,
Start: 06/27/2018 9:16:39,Drummond / Ste-Catherine,5 min 23 s
AM,,
End: 06/27/2018 9:22:02,St-Mathieu /Ste-Catherine,
AM,,
Start: 06/26/2018 12:05:27,Ste-Catherine / St-Marc,4 min 18 s
PM,,
End: 06/26/2018 12:09:45,Drummond / Ste-Catherine,
PM,,
Start: 06/26/2018 9:39:03,Drummond / Ste-Catherine,6 min 5 s
AM,,
End: 06/26/2018 9:45:08,St-Mathieu /Ste-Catherine,
AM,,
Start: 06/23/2018 12:49:15,St-Marc / Sherbrooke,13 min 3 s
PM,,
End: 06/23/2018 1:02:18,St-Urbain / de la Gauchetière,
PM,,
Start: 06/23/2018 11:10:40,Drummond / Ste-Catherine,6 min 43 s
AM,,
End: 06/23/2018 11:17:23,St-Marc / Sherbrooke,
AM,,
Start: 06/22/2018 6:40:53,de Maisonneuve / Robert-Bourassa,4 min 22 s
PM,,
End: 06/22/2018 6:45:15,Drummond / de Maisonneuve,
PM,,
https://secure.bixi.com/proﬁle/trips/39XJEMMG-1/print/preview?edTripsPrint%5BstartDate%5D=14/04/2018&edTripsPrint%5BendDate%5D=15/11/2018,,24/36
11/17/2018,BIXI Montreal | Export trips,
Trip information,,Duration
Start: 06/22/2018 6:24:07,Drummond / Ste-Catherine,5 min 32 s
PM,,
End: 06/22/2018 6:29:39,de Maisonneuve / Robert-Bourassa,
PM,,
Start: 06/21/2018 9:36:28,Drummond / Ste-Catherine,5 min 13 s
AM,,
End: 06/21/2018 9:41:41,St-Mathieu /Ste-Catherine,
AM,,
Start: 06/20/2018 11:27:13,St-Marc / Sherbrooke,4 min 46 s
PM,,
End: 06/20/2018 11:31:59,Drummond / Ste-Catherine,
PM,,
Start: 06/20/2018 8:37:22,Drummond / Ste-Catherine,6 min 58 s
PM,,
End: 06/20/2018 8:44:20,St-Marc / Sherbrooke,
PM,,
Start: 06/20/2018 12:26:35,Mackay / de Maisonneuve,2 min 50 s
PM,,
End: 06/20/2018 12:29:25,Drummond / Ste-Catherine,
PM,,
Start: 06/20/2018 9:19:50,Drummond / Ste-Catherine,5 min 20 s
AM,,
End: 06/20/2018 9:25:10,St-Mathieu /Ste-Catherine,
AM,,
Start: 06/18/2018 11:55:58,Mackay / de Maisonneuve,3 min 9 s
AM,,
End: 06/18/2018 11:59:07,Drummond / Ste-Catherine,
AM,,
Start: 06/18/2018 8:53:58,Drummond / Ste-Catherine,6 min 8 s
AM,,
End: 06/18/2018 9:00:06,St-Mathieu /Ste-Catherine,
AM,,
Start: 06/17/2018 8:27:35,Métro Mont-Royal (Rivard / du Mont-,28 min 12 s
PM,Royal),
https://secure.bixi.com/proﬁle/trips/39XJEMMG-1/print/preview?edTripsPrint%5BstartDate%5D=14/04/2018&edTripsPrint%5BendDate%5D=15/11/2018,,25/36
11/17/2018,BIXI Montreal | Export trips,
Trip information,,Duration
End: 06/17/2018 8:55:47,McTavish / Sherbrooke,
PM,,
Start: 06/17/2018 7:07:27,Drummond / Ste-Catherine,28 min 59 s
PM,,
End: 06/17/2018 7:36:26,Laval / du Mont-Royal,
PM,,
Start: 06/17/2018 1:28:29,Drummond / Ste-Catherine,3 min 48 s
PM,,
End: 06/17/2018 1:32:17,McTavish / Sherbrooke,
PM,,
Start: 06/15/2018 6:29:05,Drummond / Ste-Catherine,4 min 59 s
AM,,
End: 06/15/2018 6:34:04,St-Marc / Sherbrooke,
AM,,
Start: 06/12/2018 3:20:33,Drummond / Ste-Catherine,3 min 23 s
PM,,
End: 06/12/2018 3:23:56,Mackay / de Maisonneuve,
PM,,
Start: 06/11/2018 6:06:12,Chomedey / de Maisonneuve,5 min 55 s
PM,,
End: 06/11/2018 6:12:07,Drummond / Ste-Catherine,
PM,,
Start: 06/11/2018 5:26:43,Drummond / Ste-Catherine,3 min 43 s
PM,,
End: 06/11/2018 5:30:26,Mackay / de Maisonneuve,
PM,,
Start: 06/10/2018 10:29:21,Métro Place-d'Armes (Viger / St-Urbain),42 min 12 s
PM,,
End: 06/10/2018 11:11:33,Milton / Durocher,
PM,,
Start: 06/10/2018 9:44:50,Drummond / Ste-Catherine,12 min 31 s
PM,,
End: 06/10/2018 9:57:21,Métro Place-d'Armes (Viger / St-Urbain),
PM,,
https://secure.bixi.com/proﬁle/trips/39XJEMMG-1/print/preview?edTripsPrint%5BstartDate%5D=14/04/2018&edTripsPrint%5BendDate%5D=15/11/2018,,26/36
11/17/2018,BIXI Montreal | Export trips,
Trip information,,Duration
Start: 06/10/2018 6:35:03,Drummond / Ste-Catherine,10 min 2 s
PM,,
End: 06/10/2018 6:45:05,St-Urbain / de la Gauchetière,
PM,,
Start: 06/08/2018 12:46:28,Mackay / de Maisonneuve,3 min 45 s
PM,,
End: 06/08/2018 12:50:13,Drummond / Ste-Catherine,
PM,,
Start: 06/08/2018 12:33:53,Drummond / Ste-Catherine,5 min 38 s
PM,,
End: 06/08/2018 12:39:31,Mackay / de Maisonneuve,
PM,,
Start: 06/06/2018 5:23:58,Drummond / Ste-Catherine,45 min 32 s
PM,,
End: 06/06/2018 6:09:30,Drummond / de Maisonneuve,
PM,,
Start: 06/04/2018 4:45:58,Drummond / Ste-Catherine,3 min 27 s
PM,,
End: 06/04/2018 4:49:25,McTavish / Sherbrooke,
PM,,
Start: 06/03/2018 2:29:08,St-Urbain / de la Gauchetière,13 min 49 s
PM,,
End: 06/03/2018 2:42:57,Drummond / Ste-Catherine,
PM,,
Start: 06/03/2018 1:26:23,Drummond / Ste-Catherine,9 min 2 s
PM,,
End: 06/03/2018 1:35:25,St-Urbain / de la Gauchetière,
PM,,
Start: 06/01/2018 2:42:21,10e avenue / Masson,30 min 53 s
PM,,
End: 06/01/2018 3:13:14,St-Viateur / St-Laurent,
PM,,
Start: 06/01/2018 2:41:46,10e avenue / Masson,0 min 8 s
PM,,
https://secure.bixi.com/proﬁle/trips/39XJEMMG-1/print/preview?edTripsPrint%5BstartDate%5D=14/04/2018&edTripsPrint%5BendDate%5D=15/11/2018,,27/36
11/17/2018,BIXI Montreal | Export trips,
Trip information,,Duration
End: 06/01/2018 2:41:54,10e avenue / Masson,
PM,,
Start: 05/31/2018 3:37:43,Cypress / Peel,39 min 3 s
PM,,
End: 05/31/2018 4:16:46,Victoria / de Maisonneuve,
PM,,
Start: 05/31/2018 10:26:25,Lincoln / Lambert Closse,7 min 13 s
AM,,
End: 05/31/2018 10:33:38,Drummond / Ste-Catherine,
AM,,
Start: 05/31/2018 10:00:33,Drummond / Ste-Catherine,8 min 58 s
AM,,
End: 05/31/2018 10:09:31,Chomedey / de Maisonneuve,
AM,,
Start: 05/30/2018 11:04:57,Square Phillips,7 min 37 s
AM,,
End: 05/30/2018 11:12:34,Drummond / Ste-Catherine,
AM,,
Start: 05/30/2018 10:46:20,du Président-Kennedy / McGill College,3 min 41 s
AM,,
End: 05/30/2018 10:50:01,Square Phillips,
AM,,
Start: 05/30/2018 10:16:08,Drummond / Ste-Catherine,3 min 45 s
AM,,
End: 05/30/2018 10:19:53,McTavish / Sherbrooke,
AM,,
Start: 05/29/2018 10:59:19,McTavish / des Pins,2 min 38 s
AM,,
End: 05/29/2018 11:01:57,University / Prince-Arthur,
AM,,
Start: 05/28/2018 4:35:08,du President-Kennedy / Robert,7 min 38 s
PM,Bourassa,
End: 05/28/2018 4:42:46,Drummond / Ste-Catherine,
PM,,
https://secure.bixi.com/proﬁle/trips/39XJEMMG-1/print/preview?edTripsPrint%5BstartDate%5D=14/04/2018&edTripsPrint%5BendDate%5D=15/11/2018,,28/36
11/17/2018,BIXI Montreal | Export trips,
Trip information,,Duration
Start: 05/19/2018 3:47:48,Drummond / Ste-Catherine,13 min 51 s
PM,,
End: 05/19/2018 4:01:39,Drummond / Ste-Catherine,
PM,,
Start: 05/18/2018 11:09:40,St-Urbain / de la Gauchetière,7 min 59 s
AM,,
End: 05/18/2018 11:17:39,Peel / avenue des Canadiens de Montréal,
AM,,
Start: 05/18/2018 10:54:08,Drummond / Ste-Catherine,8 min 29 s
AM,,
End: 05/18/2018 11:02:37,St-Urbain / de la Gauchetière,
AM,,
Start: 05/17/2018 2:44:11,McTavish / Sherbrooke,4 min 24 s
PM,,
End: 05/17/2018 2:48:35,Drummond / Ste-Catherine,
PM,,
Start: 05/17/2018 1:02:44,Drummond / Ste-Catherine,6 min 12 s
PM,,
End: 05/17/2018 1:08:56,du Président-Kennedy / McGill College,
PM,,
Start: 05/15/2018 1:28:11,St-Mathieu /Ste-Catherine,2 min 59 s
PM,,
End: 05/15/2018 1:31:10,Drummond / Ste-Catherine,
PM,,
Start: 05/15/2018 12:49:36,Drummond / Ste-Catherine,2 min 40 s
PM,,
End: 05/15/2018 12:52:16,Mackay / de Maisonneuve,
PM,,
Start: 05/15/2018 11:55:52,Peel / avenue des Canadiens de,6 min 46 s
AM,Montréal,
End: 05/15/2018 12:02:38,St-Urbain / de la Gauchetière,
PM,,
Start: 05/14/2018 4:15:01,Drummond / Ste-Catherine,15 min 27 s
PM,,
https://secure.bixi.com/proﬁle/trips/39XJEMMG-1/print/preview?edTripsPrint%5BstartDate%5D=14/04/2018&edTripsPrint%5BendDate%5D=15/11/2018,,29/36
11/17/2018,BIXI Montreal | Export trips,
Trip information,,Duration
End: 05/14/2018 4:30:28,Drummond / Ste-Catherine,
PM,,
Start: 05/13/2018 4:03:53,Drummond / Ste-Catherine,13 min 0 s
PM,,
End: 05/13/2018 4:16:53,Drummond / Ste-Catherine,
PM,,
Start: 05/12/2018 11:08:37,University / Prince-Arthur,4 min 38 s
PM,,
End: 05/12/2018 11:13:15,Drummond / Ste-Catherine,
PM,,
Start: 05/11/2018 6:22:02,Lincoln / Lambert Closse,7 min 44 s
PM,,
End: 05/11/2018 6:29:46,Drummond / Ste-Catherine,
PM,,
Start: 05/11/2018 5:38:20,Drummond / Ste-Catherine,7 min 20 s
PM,,
End: 05/11/2018 5:45:40,Lincoln / Lambert Closse,
PM,,
Start: 05/11/2018 3:50:17,Mackay / de Maisonneuve,1 min 50 s
PM,,
End: 05/11/2018 3:52:07,Drummond / Ste-Catherine,
PM,,
Start: 05/11/2018 3:04:06,Drummond / Ste-Catherine,3 min 52 s
PM,,
End: 05/11/2018 3:07:58,Mackay / de Maisonneuve,
PM,,
Start: 05/10/2018 4:23:56,Drummond / Ste-Catherine,7 min 54 s
PM,,
End: 05/10/2018 4:31:50,Atwater / Sherbrooke,
PM,,
Start: 05/09/2018 1:26:52,Drummond / Ste-Catherine,5 min 14 s
PM,,
End: 05/09/2018 1:32:06,Stanley / du Docteur-Pen eld,
PM,,
https://secure.bixi.com/proﬁle/trips/39XJEMMG-1/print/preview?edTripsPrint%5BstartDate%5D=14/04/2018&edTripsPrint%5BendDate%5D=15/11/2018,,30/36
11/17/2018,BIXI Montreal | Export trips,
Trip information,,Duration
Start: 05/08/2018 3:05:35,Chomedey / de Maisonneuve,6 min 59 s
PM,,
End: 05/08/2018 3:12:34,Drummond / Ste-Catherine,
PM,,
Start: 05/08/2018 2:09:14,Square Phillips,11 min 3 s
PM,,
End: 05/08/2018 2:20:17,Lincoln / Lambert Closse,
PM,,
Start: 05/08/2018 1:35:46,McTavish / Sherbrooke,5 min 17 s
PM,,
End: 05/08/2018 1:41:03,Square Phillips,
PM,,
Start: 05/08/2018 12:36:42,Drummond / Ste-Catherine,3 min 21 s
PM,,
End: 05/08/2018 12:40:03,McTavish / Sherbrooke,
PM,,
Start: 05/06/2018 4:51:23,Drummond / Ste-Catherine,15 min 25 s
PM,,
End: 05/06/2018 5:06:48,Lincoln / Lambert Closse,
PM,,
Start: 05/05/2018 11:09:32,Drummond / Ste-Catherine,5 min 52 s
AM,,
End: 05/05/2018 11:15:24,St-Urbain / de la Gauchetière,
AM,,
Start: 05/04/2018 1:36:15,Stanley / du Docteur-Pen eld,7 min 55 s
AM,,
End: 05/04/2018 1:44:10,Drummond / Ste-Catherine,
AM,,
Start: 05/03/2018 10:04:55,Drummond / de Maisonneuve,3 min 18 s
PM,,
End: 05/03/2018 10:08:13,McTavish / Sherbrooke,
PM,,
Start: 05/02/2018 11:05:49,Hutchison / Prince-Arthur,6 min 4 s
PM,,
https://secure.bixi.com/proﬁle/trips/39XJEMMG-1/print/preview?edTripsPrint%5BstartDate%5D=14/04/2018&edTripsPrint%5BendDate%5D=15/11/2018,,31/36
11/17/2018,BIXI Montreal | Export trips,
Trip information,,Duration
End: 05/02/2018 11:11:53,Drummond / Ste-Catherine,
PM,,
Start: 05/02/2018 8:37:44,Mackay / de Maisonneuve,5 min 21 s
PM,,
End: 05/02/2018 8:43:05,Chomedey / de Maisonneuve,
PM,,
Start: 05/02/2018 6:23:57,Drummond / Ste-Catherine,4 min 14 s
PM,,
End: 05/02/2018 6:28:11,Mackay / de Maisonneuve,
PM,,
Start: 05/02/2018 11:52:14,Chomedey / de Maisonneuve,13 min 55 s
AM,,
End: 05/02/2018 12:06:09,St-Urbain / de la Gauchetière,
PM,,
Start: 05/01/2018 8:58:27,Drummond / Ste-Catherine,5 min 42 s
PM,,
End: 05/01/2018 9:04:09,Chomedey / de Maisonneuve,
PM,,
Start: 05/01/2018 4:57:37,St-Urbain / de la Gauchetière,11 min 46 s
PM,,
End: 05/01/2018 5:09:23,Mackay / de Maisonneuve,
PM,,
Start: 05/01/2018 4:16:49,Drummond / Ste-Catherine,8 min 42 s
PM,,
End: 05/01/2018 4:25:31,St-Urbain / de la Gauchetière,
PM,,
Start: 05/01/2018 3:52:01,Chomedey / de Maisonneuve,4 min 51 s
PM,,
End: 05/01/2018 3:56:52,Drummond / Ste-Catherine,
PM,,
Start: 05/01/2018 12:27:29,Drummond / Ste-Catherine,5 min 15 s
AM,,
End: 05/01/2018 12:32:44,Chomedey / de Maisonneuve,
AM,,
https://secure.bixi.com/proﬁle/trips/39XJEMMG-1/print/preview?edTripsPrint%5BstartDate%5D=14/04/2018&edTripsPrint%5BendDate%5D=15/11/2018,,32/36
11/17/2018,BIXI Montreal | Export trips,
Trip information,,Duration
Start: 04/30/2018 8:12:26,Ste-Famille / des Pins,14 min 6 s
PM,,
End: 04/30/2018 8:26:32,Drummond / Ste-Catherine,
PM,,
Start: 04/30/2018 1:45:37,Drummond / Ste-Catherine,7 min 26 s
PM,,
End: 04/30/2018 1:53:03,du President-Kennedy / Robert Bourassa,
PM,,
Start: 04/30/2018 11:58:33,Chomedey / de Maisonneuve,9 min 43 s
AM,,
End: 04/30/2018 12:08:16,Drummond / Ste-Catherine,
PM,,
Start: 04/28/2018 8:49:44,Drummond / Ste-Catherine,10 min 45 s
PM,,
End: 04/28/2018 9:00:29,Lincoln / Lambert Closse,
PM,,
Start: 04/28/2018 7:54:23,Chomedey / de Maisonneuve,8 min 0 s
PM,,
End: 04/28/2018 8:02:23,Drummond / Ste-Catherine,
PM,,
Start: 04/28/2018 6:18:36,Mackay / de Maisonneuve,4 min 12 s
PM,,
End: 04/28/2018 6:22:48,Chomedey / de Maisonneuve,
PM,,
Start: 04/28/2018 4:20:11,Duluth / St-Denis,19 min 9 s
PM,,
End: 04/28/2018 4:39:20,McTavish / Sherbrooke,
PM,,
Start: 04/28/2018 2:53:45,St-Urbain / de la Gauchetière,7 min 42 s
PM,,
End: 04/28/2018 3:01:27,Hutchison / Sherbrooke,
PM,,
Start: 04/28/2018 1:33:49,Drummond / Ste-Catherine,6 min 29 s
PM,,
https://secure.bixi.com/proﬁle/trips/39XJEMMG-1/print/preview?edTripsPrint%5BstartDate%5D=14/04/2018&edTripsPrint%5BendDate%5D=15/11/2018,,33/36
11/17/2018,BIXI Montreal | Export trips,
Trip information,,Duration
End: 04/28/2018 1:40:18,St-Urbain / de la Gauchetière,
PM,,
Start: 04/28/2018 1:11:53,Chomedey / de Maisonneuve,5 min 37 s
PM,,
End: 04/28/2018 1:17:30,Drummond / Ste-Catherine,
PM,,
Start: 04/27/2018 6:20:20,du Président-Kennedy / McGill College,20 min 12 s
PM,,
End: 04/27/2018 6:40:32,Lincoln / Lambert Closse,
PM,,
Start: 04/26/2018 9:18:28,University / des Pins,7 min 50 s
PM,,
End: 04/26/2018 9:26:18,du President-Kennedy / Robert Bourassa,
PM,,
Start: 04/26/2018 1:18:23,du President-Kennedy / Robert,3 min 35 s
PM,Bourassa,
End: 04/26/2018 1:21:58,University / Prince-Arthur,
PM,,
Start: 04/26/2018 12:54:39,Chomedey / de Maisonneuve,3 min 42 s
PM,,
End: 04/26/2018 12:58:21,Mackay / de Maisonneuve,
PM,,
Start: 04/26/2018 12:27:53,University / Prince-Arthur,8 min 58 s
AM,,
End: 04/26/2018 12:36:51,Chomedey / de Maisonneuve,
AM,,
Start: 04/25/2018 11:11:57,University / des Pins,3 min 19 s
AM,,
End: 04/25/2018 11:15:16,du President-Kennedy / Robert Bourassa,
AM,,
Start: 04/25/2018 6:09:47,University / Prince-Arthur,3 min 11 s
AM,,
End: 04/25/2018 6:12:58,du President-Kennedy / Robert Bourassa,
AM,,
https://secure.bixi.com/proﬁle/trips/39XJEMMG-1/print/preview?edTripsPrint%5BstartDate%5D=14/04/2018&edTripsPrint%5BendDate%5D=15/11/2018,,34/36
11/17/2018,BIXI Montreal | Export trips,
Trip information,,Duration
Start: 04/23/2018 1:24:20,Chomedey / de Maisonneuve,12 min 1 s
PM,,
End: 04/23/2018 1:36:21,de Maisonneuve / Robert-Bourassa,
PM,,
Start: 04/22/2018 11:47:04,St-Urbain / de la Gauchetière,9 min 50 s
AM,,
End: 04/22/2018 11:56:54,McTavish / Sherbrooke,
AM,,
Start: 04/22/2018 10:59:43,Chomedey / de Maisonneuve,12 min 41 s
AM,,
End: 04/22/2018 11:12:24,St-Urbain / de la Gauchetière,
AM,,
Start: 04/21/2018 3:32:52,Chomedey / de Maisonneuve,7 min 45 s
PM,,
End: 04/21/2018 3:40:37,McTavish / Sherbrooke,
PM,,
Start: 04/20/2018 8:53:54,Chomedey / de Maisonneuve,1 min 33 s
PM,,
End: 04/20/2018 8:55:27,Lincoln / Lambert Closse,
PM,,
Start: 04/20/2018 8:29:59,Roy / St-Laurent,22 min 18 s
PM,,
End: 04/20/2018 8:52:17,Chomedey / de Maisonneuve,
PM,,
Start: 04/20/2018 6:36:14,Chomedey / de Maisonneuve,7 min 6 s
PM,,
End: 04/20/2018 6:43:20,McTavish / Sherbrooke,
PM,,
Start: 04/20/2018 11:21:32,University / des Pins,3 min 34 s
AM,,
End: 04/20/2018 11:25:06,du President-Kennedy / Robert Bourassa,
AM,,
Start: 04/20/2018 2:55:48,University / Prince-Arthur,17 min 29 s
AM,,
https://secure.bixi.com/proﬁle/trips/39XJEMMG-1/print/preview?edTripsPrint%5BstartDate%5D=14/04/2018&edTripsPrint%5BendDate%5D=15/11/2018,,35/36
11/17/2018,BIXI Montreal | Export trips,
Trip information,,Duration
End: 04/20/2018 3:13:17,University / Prince-Arthur,
AM,,
Start: 04/19/2018 6:45:52,du Président-Kennedy / McGill College,4 min 8 s
PM,,
End: 04/19/2018 6:50:00,University / Prince-Arthur,
PM,,
Start: 04/19/2018 6:35:19,du President-Kennedy / Robert,4 min 23 s
AM,Bourassa,
End: 04/19/2018 6:39:42,University / Prince-Arthur,
AM,,
https://secure.bixi.com/proﬁle/trips/39XJEMMG-1/print/preview?edTripsPrint%5BstartDate%5D=14/04/2018&edTripsPrint%5BendDate%5D=15/11/2018,,36/36
